ticker,trigger_time,minutes_left,price_before,price_after,spot_price,settlement_outcome
KXBTC15M-26SEP260230-30,2026-09-26T06:29:06.882Z,0.89,0.0540,0.4400,83927.82,YES
KXBTC15M-26SEP260300-00,2026-09-26T06:58:32.541Z,1.46,0.0310,0.2300,83917.71,NO
KXBTC15M-26SEP260315-15,2026-09-26T07:08:21.423Z,6.64,0.0710,0.1900,83996.31,YES
KXBTC15M-26SEP260315-15,2026-09-26T07:10:56.452Z,4.06,0.2200,0.4400,83983.42,YES
KXBTC15M-26SEP260330-30,2026-09-26T07:29:32.446Z,0.46,0.0530,0.3600,83997.63,YES
KXBTC15M-26SEP260345-45,2026-09-26T07:40:54.301Z,4.09,0.0410,0.3500,84038.99,YES
KXBTC15M-26SEP260345-45,2026-09-26T07:43:29.302Z,1.51,0.4300,0.3500,84025.06,YES
KXBTC15M-26SEP260400-00,2026-09-26T07:55:22.366Z,4.63,0.0710,0.3300,84085.48,YES
KXBTC15M-26SEP260400-00,2026-09-26T07:58:59.372Z,1.01,0.4500,0.5300,84120.10,YES
KXBTC15M-26SEP260430-30,2026-09-26T08:27:55.229Z,2.08,0.0100,0.2300,84079.98,YES
KXBTC15M-26SEP260445-45,2026-09-26T08:33:36.180Z,11.40,0.0410,0.1600,84222.36,YES
KXBTC15M-26SEP260445-45,2026-09-26T08:36:42.239Z,8.30,0.2300,0.4100,84273.03,YES
KXBTC15M-26SEP260445-45,2026-09-26T08:42:54.580Z,2.09,0.4200,0.5200,84240.39,YES
KXBTC15M-26SEP260530-30,2026-09-26T09:29:55.095Z,0.08,0.0260,0.5300,84016.16,YES
KXBTC15M-26SEP260615-15,2026-09-26T10:06:04.550Z,8.92,0.0590,0.2500,84080.98,YES
KXBTC15M-26SEP260615-15,2026-09-26T10:08:39.547Z,6.34,0.3100,0.4100,84085.54,YES
KXBTC15M-26SEP260615-15,2026-09-26T10:11:45.386Z,3.24,0.4200,0.5000,84111.57,YES
KXBTC15M-26SEP260630-30,2026-09-26T10:21:34.194Z,8.43,0.0510,0.1400,84159.78,YES
KXBTC15M-26SEP260630-30,2026-09-26T10:29:19.091Z,0.68,0.0690,0.4500,84134.44,YES
KXBTC15M-26SEP260645-45,2026-09-26T10:44:48.940Z,0.18,0.0260,0.4100,84143.93,YES
KXBTC15M-26SEP260700-00,2026-09-26T10:57:43.765Z,2.27,0.0580,0.3400,84170.43,YES
KXBTC15M-26SEP260745-45,2026-09-26T11:39:03.074Z,5.95,0.0460,0.1300,84186.65,YES
KXBTC15M-26SEP260745-45,2026-09-26T11:43:42.146Z,1.30,0.0590,0.4100,84177.98,YES
KXBTC15M-26SEP260800-00,2026-09-26T11:59:42.560Z,0.29,0.0450,0.4900,84165.88,YES
KXBTC15M-26SEP260900-00,2026-09-26T12:59:19.518Z,0.67,0.0380,0.5100,84055.53,YES
KXBTC15M-26SEP260915-15,2026-09-26T13:11:03.168Z,3.95,0.4000,0.1500,83974.19,NO
KXBTC15M-26SEP260930-30,2026-09-26T13:16:13.816Z,13.77,0.5600,0.3500,83959.51,NO
KXBTC15M-26SEP260930-30,2026-09-26T13:20:22.549Z,9.62,0.4300,0.6200,84015.86,NO
KXBTC15M-26SEP260930-30,2026-09-26T13:22:57.540Z,7.04,0.3700,0.2500,83958.93,NO
KXBTC15M-26SEP260930-30,2026-09-26T13:26:04.249Z,3.93,0.1700,0.0730,83943.07,NO
KXBTC15M-26SEP261230-30,2026-09-26T16:16:33.995Z,13.43,0.5000,0.4200,84112.19,NO
KXBTC15M-26SEP261230-30,2026-09-26T16:20:17.368Z,9.71,0.5400,0.4600,84117.27,NO
KXBTC15M-26SEP261230-30,2026-09-26T16:25:12.846Z,4.79,0.2900,0.1800,84100.52,NO
KXBTC15M-26SEP261230-30,2026-09-26T16:27:50.048Z,2.17,0.1000,0.0100,84088.43,NO
KXBTC15M-26SEP261245-45,2026-09-26T16:32:31.151Z,12.48,0.6200,0.7100,84145.44,YES
KXBTC15M-26SEP261245-45,2026-09-26T16:37:45.300Z,7.25,0.7600,0.8500,84139.68,YES
KXBTC15M-26SEP261300-00,2026-09-26T16:47:09.012Z,12.85,0.4000,0.5300,84143.99,NO
KXBTC15M-26SEP261300-00,2026-09-26T16:49:46.208Z,10.23,0.3300,0.4600,84138.37,NO
KXBTC15M-26SEP261300-00,2026-09-26T16:53:58.194Z,6.03,0.3100,0.1500,84111.92,NO
KXBTC15M-26SEP261300-00,2026-09-26T16:58:40.189Z,1.33,0.0900,0.0050,84106.96,NO
KXBTC15M-26SEP261315-15,2026-09-26T17:01:48.798Z,13.19,0.5000,0.6100,84119.37,NO
KXBTC15M-26SEP261315-15,2026-09-26T17:08:03.813Z,6.94,0.3000,0.1700,84064.44,NO
KXBTC15M-26SEP261330-30,2026-09-26T17:20:05.083Z,9.92,0.3600,0.4400,84071.43,NO
KXBTC15M-26SEP261330-30,2026-09-26T17:22:42.280Z,7.30,0.2300,0.3200,84068.58,NO
KXBTC15M-26SEP261330-30,2026-09-26T17:26:52.015Z,3.13,0.2500,0.1600,84068.58,NO
KXBTC15M-26SEP261345-45,2026-09-26T17:31:35.957Z,13.40,0.6200,0.4800,84068.58,YES
KXBTC15M-26SEP261345-45,2026-09-26T17:34:44.930Z,10.25,0.4900,0.3800,84068.58,YES
KXBTC15M-26SEP261345-45,2026-09-26T17:37:22.828Z,7.62,0.5300,0.6500,84068.58,YES
KXBTC15M-26SEP261345-45,2026-09-26T17:39:59.493Z,5.01,0.7000,0.8800,84068.58,YES
KXBTC15M-26SEP261345-45,2026-09-26T17:43:07.958Z,1.87,0.8800,0.9820,84068.58,YES
KXBTC15M-26SEP261400-00,2026-09-26T17:47:54.179Z,12.10,0.5900,0.7000,84068.58,YES
KXBTC15M-26SEP261400-00,2026-09-26T17:52:36.561Z,7.39,0.5400,0.7400,84068.58,YES
KXBTC15M-26SEP261400-00,2026-09-26T17:55:46.366Z,4.23,0.6900,0.8200,84068.58,YES
KXBTC15M-26SEP261415-15,2026-09-26T18:01:01.350Z,13.98,0.4500,0.3600,84068.58,NO
KXBTC15M-26SEP261415-15,2026-09-26T18:04:10.679Z,10.82,0.5100,0.6900,84068.58,NO
KXBTC15M-26SEP261415-15,2026-09-26T18:07:18.640Z,7.69,0.7400,0.6000,84068.58,NO
KXBTC15M-26SEP261415-15,2026-09-26T18:10:28.225Z,4.53,0.2200,0.1200,84068.58,NO
KXBTC15M-26SEP261430-30,2026-09-26T18:16:16.077Z,13.73,0.4200,0.3100,84068.58,NO
KXBTC15M-26SEP261430-30,2026-09-26T18:19:24.561Z,10.59,0.3900,0.2300,84068.58,NO
KXBTC15M-26SEP261430-30,2026-09-26T18:25:14.391Z,4.76,0.3300,0.1400,84068.58,NO
KXBTC15M-26SEP261745-45,2026-09-26T21:40:41.095Z,4.32,0.7800,0.5300,84068.58,NO
KXBTC15M-26SEP261745-45,2026-09-26T21:43:17.628Z,1.71,0.4700,0.6700,84068.58,NO
KXBTC15M-26SEP261800-00,2026-09-26T21:46:56.337Z,13.06,0.5400,0.4500,84068.58,NO
KXBTC15M-26SEP261800-00,2026-09-26T21:55:31.158Z,4.48,0.1300,0.0460,84068.58,NO
KXBTC15M-26SEP261800-00,2026-09-26T21:58:08.099Z,1.87,0.0980,0.2600,84068.58,NO
KXBTC15M-26SEP261815-15,2026-09-26T22:00:44.237Z,14.26,0.5000,0.6100,84068.58,YES
KXBTC15M-26SEP261815-15,2026-09-26T22:04:22.600Z,10.62,0.7200,0.8400,84068.58,YES
KXBTC15M-26SEP271345-45,2026-09-27T17:43:09.702Z,1.84,0.9080,0.9940,84068.58,YES
KXBTC15M-26SEP271400-00,2026-09-27T17:46:20.072Z,13.67,0.5700,0.6900,84068.58,YES
KXBTC15M-26SEP271400-00,2026-09-27T17:49:30.155Z,10.50,0.7400,0.8700,84068.58,YES
KXBTC15M-26SEP271415-15,2026-09-27T18:01:36.689Z,13.39,0.4500,0.5300,84068.58,YES
KXBTC15M-26SEP271415-15,2026-09-27T18:05:17.744Z,9.70,0.4900,0.6600,84068.58,YES
KXBTC15M-26SEP271415-15,2026-09-27T18:09:30.397Z,5.49,0.5500,0.6500,84068.58,YES
KXBTC15M-26SEP271415-15,2026-09-27T18:12:08.214Z,2.86,0.8700,0.9540,84068.58,YES
KXBTC15M-26SEP271430-30,2026-09-27T18:15:49.410Z,14.18,0.6400,0.5500,84068.58,YES
KXBTC15M-26SEP271430-30,2026-09-27T18:20:02.139Z,9.96,0.7100,0.8200,84068.58,YES
KXBTC15M-26SEP271445-45,2026-09-27T18:32:43.618Z,12.27,0.4700,0.5900,84068.58,YES
KXBTC15M-26SEP271445-45,2026-09-27T18:35:21.694Z,9.64,0.5800,0.4900,84068.58,YES
KXBTC15M-26SEP271445-45,2026-09-27T18:40:40.850Z,4.32,0.6100,0.7000,84068.58,YES
KXBTC15M-26SEP272230-30,2026-09-28T02:20:21.098Z,9.65,0.3300,0.2300,84068.58,NO
KXBTC15M-26SEP272230-30,2026-09-28T02:24:35.395Z,5.41,0.0850,0.1700,84068.58,NO
KXBTC15M-26SEP281545-45,2026-09-28T19:33:01.664Z,11.97,0.4500,0.3700,84068.58,NO
KXBTC15M-26SEP281545-45,2026-09-28T19:35:42.453Z,9.29,0.1700,0.0900,84068.58,NO
KXBTC15M-26SEP281600-00,2026-09-28T19:48:36.520Z,11.39,0.6200,0.5000,84068.58,YES
KXBTC15M-26SEP281600-00,2026-09-28T19:51:47.741Z,8.20,0.5500,0.7900,84068.58,YES
KXBTC15M-26SEP281600-00,2026-09-28T19:56:32.257Z,3.46,0.8400,0.9250,84068.58,YES
KXBTC15M-26SEP281615-15,2026-09-28T20:01:49.406Z,13.18,0.5200,0.2800,84068.58,YES
KXBTC15M-26SEP281615-15,2026-09-28T20:04:28.576Z,10.52,0.5100,0.6200,84068.58,YES
KXBTC15M-26SEP281615-15,2026-09-28T20:08:09.223Z,6.85,0.8500,0.9400,84068.58,YES
KXBTC15M-26SEP281630-30,2026-09-28T20:16:02.766Z,13.95,0.4600,0.3200,84068.58,NO
KXBTC15M-26SEP281630-30,2026-09-28T20:19:12.355Z,10.79,0.1700,0.2700,84068.58,NO
KXBTC15M-26SEP281630-30,2026-09-28T20:23:25.281Z,6.58,0.3200,0.1700,84068.58,NO
KXBTC15M-26SEP281630-30,2026-09-28T20:26:03.281Z,3.95,0.3500,0.2600,84068.58,NO
KXBTC15M-26SEP281645-45,2026-09-28T20:31:51.286Z,13.15,0.3400,0.4500,84068.58,NO
KXBTC15M-26SEP281645-45,2026-09-28T20:37:07.713Z,7.87,0.5000,0.4100,84068.58,NO
KXBTC15M-26SEP281645-45,2026-09-28T20:40:17.527Z,4.71,0.5900,0.7300,84068.58,NO
KXBTC15M-26SEP281645-45,2026-09-28T20:42:55.584Z,2.07,0.9430,0.8100,84068.58,NO
KXBTC15M-26SEP281700-00,2026-09-28T20:47:08.427Z,12.86,0.4000,0.6200,84068.58,YES
KXBTC15M-26SEP281700-00,2026-09-28T20:50:17.945Z,9.70,0.4500,0.3300,84068.58,YES
KXBTC15M-26SEP281900-00,2026-09-28T22:46:58.517Z,13.02,0.5600,0.6600,84068.58,YES
KXBTC15M-26SEP281900-00,2026-09-28T22:51:17.142Z,8.71,0.6000,0.7600,84068.58,YES
KXBTC15M-26SEP281900-00,2026-09-28T22:54:32.818Z,5.45,0.7300,0.8100,84068.58,YES
KXBTC15M-26SEP281915-15,2026-09-28T23:02:05.142Z,12.91,0.5000,0.6500,84068.58,NO
KXBTC15M-26SEP281915-15,2026-09-28T23:05:19.412Z,9.68,0.8400,0.6000,84068.58,NO
KXBTC15M-26SEP281915-15,2026-09-28T23:08:00.694Z,6.99,0.3200,0.5800,84068.58,NO
KXBTC15M-26SEP281915-15,2026-09-28T23:11:14.798Z,3.75,0.2400,0.0720,84068.58,NO
KXBTC15M-26SEP281930-30,2026-09-28T23:19:18.467Z,10.69,0.6400,0.7400,84068.58,YES
KXBTC15M-26SEP281930-30,2026-09-28T23:21:58.811Z,8.02,0.5800,0.7500,84068.58,YES
KXBTC15M-26SEP281930-30,2026-09-28T23:25:42.906Z,4.28,0.8800,0.9640,84068.58,YES
KXBTC15M-26SEP281945-45,2026-09-28T23:33:44.430Z,11.26,0.5900,0.5000,83551.80,YES
KXBTC15M-26SEP281945-45,2026-09-28T23:39:03.084Z,5.95,0.5400,0.6400,83559.60,YES
KXBTC15M-26SEP281945-45,2026-09-28T23:42:14.008Z,2.77,0.8900,0.6600,83554.94,YES
KXBTC15M-26SEP282000-00,2026-09-28T23:45:56.664Z,14.06,0.4500,0.3500,83538.47,NO
KXBTC15M-26SEP282000-00,2026-09-28T23:49:07.713Z,10.87,0.3200,0.2400,83515.55,NO
KXBTC15M-26SEP282000-00,2026-09-28T23:52:54.548Z,7.09,0.1400,0.2400,83523.23,NO
KXBTC15M-26SEP282000-00,2026-09-28T23:55:33.591Z,4.44,0.2400,0.1500,83521.01,NO
KXBTC15M-26SEP282015-15,2026-09-29T00:01:23.855Z,13.60,0.3200,0.4100,83463.78,YES
KXBTC15M-26SEP282015-15,2026-09-29T00:04:34.952Z,10.42,0.4400,0.5500,83496.10,YES
KXBTC15M-26SEP282015-15,2026-09-29T00:07:46.098Z,7.23,0.5100,0.6700,83507.11,YES
KXBTC15M-26SEP282015-15,2026-09-29T00:10:24.730Z,4.59,0.6600,0.3000,83457.49,YES
KXBTC15M-26SEP282015-15,2026-09-29T00:13:02.919Z,1.95,0.1500,0.6800,83482.01,YES
KXBTC15M-26SEP282030-30,2026-09-29T00:16:13.497Z,13.78,0.4100,0.2500,83430.94,YES
KXBTC15M-26SEP282030-30,2026-09-29T00:22:03.029Z,7.95,0.1400,0.0560,83382.05,YES
KXBTC15M-26SEP282030-30,2026-09-29T00:25:44.177Z,4.26,0.0140,0.0970,83413.34,YES
KXBTC15M-26SEP282030-30,2026-09-29T00:28:53.761Z,1.10,0.0230,0.8100,83502.91,YES
KXBTC15M-26SEP282045-45,2026-09-29T00:31:32.834Z,13.45,0.5100,0.3500,83467.80,NO
KXBTC15M-26SEP282045-45,2026-09-29T00:34:11.818Z,10.80,0.4900,0.6800,83548.64,NO
KXBTC15M-26SEP282045-45,2026-09-29T00:37:21.568Z,7.64,0.7500,0.5300,83512.64,NO
KXBTC15M-26SEP282045-45,2026-09-29T00:41:05.432Z,3.91,0.4400,0.3400,83483.15,NO
KXBTC15M-26SEP282045-45,2026-09-29T00:43:43.653Z,1.27,0.1800,0.4900,83505.25,NO
KXBTC15M-26SEP282100-00,2026-09-29T00:49:32.977Z,10.45,0.2500,0.1100,83344.00,NO
KXBTC15M-26SEP282115-15,2026-09-29T01:01:10.573Z,0.00,0.4100,0.2600,83080.84,null
KXBTC15M-26SEP282115-15,2026-09-29T01:03:50.326Z,0.00,0.5400,0.4500,83169.44,null
KXBTC15M-26SEP282115-15,2026-09-29T01:07:00.077Z,0.00,0.3600,0.2300,83088.90,null
KXBTC15M-26SEP282130-30,2026-09-29T01:16:28.302Z,0.00,0.5200,0.3800,83012.74,null
KXBTC15M-26SEP282130-30,2026-09-29T01:20:13.211Z,0.00,0.2000,0.1200,83012.74,null
KXBTC15M-26SEP282130-30,2026-09-29T01:23:21.449Z,0.00,0.3800,0.5900,83012.74,null
KXBTC15M-26SEP282130-30,2026-09-29T01:26:04.977Z,0.00,0.3200,0.2100,83012.74,null
KXBTC15M-26SEP282145-45,2026-09-29T01:31:25.502Z,0.00,0.6400,0.7300,83012.74,null
KXBTC15M-26SEP282145-45,2026-09-29T01:35:38.875Z,0.00,0.6600,0.5400,83012.74,null
KXBTC15M-26SEP282145-45,2026-09-29T01:40:55.934Z,0.00,0.6000,0.6800,83012.74,null
KXBTC15M-26SEP282200-00,2026-09-29T01:45:40.879Z,0.00,0.5500,0.6500,83012.74,null
KXBTC15M-26SEP282200-00,2026-09-29T01:48:53.320Z,0.00,0.7200,0.6300,83012.74,null
KXBTC15M-26SEP282200-00,2026-09-29T01:52:35.415Z,0.00,0.4600,0.6000,83012.74,null
KXBTC15M-26SEP282200-00,2026-09-29T01:56:17.117Z,0.00,0.8200,0.9210,83012.74,null
KXBTC15M-26SEP282215-15,2026-09-29T02:01:35.151Z,0.00,0.5800,0.4600,83012.74,null
KXBTC15M-26SEP282215-15,2026-09-29T02:04:45.306Z,0.00,0.3200,0.4400,83012.74,null
KXBTC15M-26SEP282215-15,2026-09-29T02:07:23.278Z,0.00,0.1900,0.3100,83012.74,null
KXBTC15M-26SEP282215-15,2026-09-29T02:11:06.802Z,0.00,0.1200,0.0270,83012.74,null
KXBTC15M-26SEP282215-15,2026-09-29T02:13:44.695Z,0.00,0.1000,0.2700,83012.74,null
KXBTC15M-26SEP282230-30,2026-09-29T02:16:22.589Z,0.00,0.4700,0.5700,83012.74,null
KXBTC15M-26SEP282230-30,2026-09-29T02:19:12.264Z,0.00,0.5400,0.6400,83012.74,null
KXBTC15M-26SEP282230-30,2026-09-29T02:21:51.593Z,0.00,0.7300,0.5700,83012.74,null
KXBTC15M-26SEP282230-30,2026-09-29T02:24:30.097Z,0.00,0.3900,0.4800,83012.74,null
KXBTC15M-26SEP282230-30,2026-09-29T02:27:40.172Z,0.00,0.1700,0.0660,83012.74,null
KXBTC15M-26SEP282245-45,2026-09-29T02:31:22.768Z,0.00,0.6100,0.4900,83012.74,null
KXBTC15M-26SEP282245-45,2026-09-29T02:35:05.833Z,0.00,0.4400,0.3400,83012.74,null
KXBTC15M-26SEP282245-45,2026-09-29T02:38:16.915Z,0.00,0.4500,0.5300,83012.74,null
KXBTC15M-26SEP282245-45,2026-09-29T02:41:26.801Z,0.00,0.6300,0.5300,83012.74,null
KXBTC15M-26SEP282245-45,2026-09-29T02:44:04.936Z,0.00,0.8700,0.9890,83012.74,null
KXBTC15M-26SEP282300-00,2026-09-29T02:50:27.401Z,0.00,0.6600,0.5200,83012.74,null
KXBTC15M-26SEP282300-00,2026-09-29T02:53:38.142Z,0.00,0.1900,0.2700,83012.74,null
KXBTC15M-26SEP282300-00,2026-09-29T02:57:52.326Z,0.00,0.2300,0.0490,83012.74,null
KXBTC15M-26SEP282315-15,2026-09-29T03:01:03.575Z,0.00,0.4500,0.6400,83012.74,null
KXBTC15M-26SEP282315-15,2026-09-29T03:04:17.548Z,0.00,0.6600,0.5300,83012.74,null
KXBTC15M-26SEP282315-15,2026-09-29T03:07:04.771Z,0.00,0.4000,0.5400,83012.74,null
KXBTC15M-26SEP282315-15,2026-09-29T03:12:21.803Z,0.00,0.2800,0.2000,83012.74,null
KXBTC15M-26SEP282330-30,2026-09-29T03:16:04.660Z,0.00,0.4500,0.5700,83012.74,null
KXBTC15M-26SEP282330-30,2026-09-29T03:19:15.518Z,0.00,0.5800,0.7100,83012.74,null
KXBTC15M-26SEP282330-30,2026-09-29T03:26:07.012Z,0.00,0.9090,0.9930,83012.74,null
KXBTC15M-26SEP282345-45,2026-09-29T03:30:52.439Z,0.00,0.4200,0.2600,83012.74,null
KXBTC15M-26SEP282345-45,2026-09-29T03:35:47.413Z,0.00,0.4800,0.3300,83012.74,null
KXBTC15M-26SEP282345-45,2026-09-29T03:39:07.266Z,0.00,0.2200,0.1300,83012.74,null
KXBTC15M-26SEP282345-45,2026-09-29T03:43:30.939Z,0.00,0.1100,0.0050,83012.74,null
KXBTC15M-26SEP290000-00,2026-09-29T03:46:15.147Z,0.00,0.4600,0.5600,83012.74,null
KXBTC15M-26SEP290000-00,2026-09-29T03:49:13.650Z,0.00,0.6300,0.5300,83012.74,null
KXBTC15M-26SEP290000-00,2026-09-29T03:52:27.655Z,0.00,0.4300,0.3000,83012.74,null
KXBTC15M-26SEP290000-00,2026-09-29T03:56:34.994Z,0.00,0.2100,0.1000,83012.74,null
KXBTC15M-26SEP290015-15,2026-09-29T04:01:20.919Z,0.00,0.3800,0.4600,83012.74,null
KXBTC15M-26SEP290015-15,2026-09-29T04:07:08.229Z,0.00,0.4700,0.5800,83012.74,null
KXBTC15M-26SEP290015-15,2026-09-29T04:09:55.409Z,0.00,0.3300,0.5400,83012.74,null
KXBTC15M-26SEP290030-30,2026-09-29T04:17:33.111Z,0.00,0.5100,0.6900,83012.74,null
KXBTC15M-26SEP290030-30,2026-09-29T04:22:15.216Z,0.00,0.8300,0.9360,83012.74,null
KXBTC15M-26SEP291200-00,2026-09-29T15:57:40.576Z,0.00,0.1300,0.0270,83012.74,null
KXBTC15M-26SEP291215-15,2026-09-29T16:05:03.752Z,0.00,0.7000,0.6000,83012.74,null
KXBTC15M-26SEP291215-15,2026-09-29T16:07:41.218Z,0.00,0.3900,0.5500,83012.74,null
KXBTC15M-26SEP291215-15,2026-09-29T16:10:26.095Z,0.00,0.3900,0.7400,83012.74,null
KXBTC15M-26SEP291215-15,2026-09-29T16:13:40.686Z,0.00,0.7300,0.4500,83012.74,null
KXBTC15M-26SEP291230-30,2026-09-29T16:15:47.039Z,0.00,0.6200,0.5200,83012.74,null
KXBTC15M-26SEP291230-30,2026-09-29T16:20:32.232Z,0.00,0.7600,0.8500,83012.74,null
KXBTC15M-26SEP291245-45,2026-09-29T16:31:17.801Z,0.00,0.3600,0.2200,83012.74,null
KXBTC15M-26SEP291245-45,2026-09-29T16:34:59.975Z,0.00,0.2700,0.3800,83012.74,null
KXBTC15M-26SEP291245-45,2026-09-29T16:37:38.485Z,0.00,0.4900,0.3800,83012.74,null
KXBTC15M-26SEP291245-45,2026-09-29T16:40:17.148Z,0.00,0.1800,0.0960,83012.74,null
KXBTC15M-26SEP291300-00,2026-09-29T16:45:44.415Z,0.00,0.5500,0.3500,83012.74,null
KXBTC15M-26SEP291300-00,2026-09-29T16:49:30.426Z,0.00,0.4500,0.3400,83012.74,null
KXBTC15M-26SEP291300-00,2026-09-29T16:52:10.039Z,0.00,0.5000,0.3400,83012.74,null
KXBTC15M-26SEP291300-00,2026-09-29T16:54:51.277Z,0.00,0.1700,0.0900,83012.74,null
KXBTC15M-26SEP291300-00,2026-09-29T16:57:29.219Z,0.00,0.0080,0.0940,83012.74,null
KXBTC15M-26SEP291315-15,2026-09-29T17:04:03.143Z,0.00,0.4100,0.5600,83012.74,null
KXBTC15M-26SEP291315-15,2026-09-29T17:09:24.830Z,0.00,0.8300,0.9400,83012.74,null
KXBTC15M-26SEP291315-15,2026-09-29T17:12:05.698Z,0.00,0.9670,0.8000,83012.74,null
KXBTC15M-26SEP291330-30,2026-09-29T17:16:54.677Z,0.00,0.5500,0.3100,83012.74,null
KXBTC15M-26SEP291330-30,2026-09-29T17:19:33.034Z,0.00,0.3700,0.4700,83012.74,null
KXBTC15M-26SEP291330-30,2026-09-29T17:22:11.239Z,0.00,0.3000,0.2100,83012.74,null
KXBTC15M-26SEP291330-30,2026-09-29T17:26:56.443Z,0.00,0.3400,0.2600,83012.74,null
KXBTC15M-26SEP291345-45,2026-09-29T17:33:25.088Z,0.00,0.6200,0.7400,83012.74,null
KXBTC15M-26SEP291345-45,2026-09-29T17:36:02.776Z,0.00,0.5500,0.4400,83012.74,null
KXBTC15M-26SEP291345-45,2026-09-29T17:40:52.796Z,0.00,0.4700,0.6100,83012.74,null
KXBTC15M-26SEP291345-45,2026-09-29T17:43:31.645Z,0.00,0.8000,0.3300,83012.74,null
KXBTC15M-26SEP291400-00,2026-09-29T17:46:09.369Z,0.00,0.5300,0.4500,83012.74,null
KXBTC15M-26SEP291400-00,2026-09-29T17:50:04.817Z,0.00,0.3400,0.2000,83012.74,null
KXBTC15M-26SEP291400-00,2026-09-29T17:55:52.244Z,0.00,0.1300,0.0210,83012.74,null
KXBTC15M-26SEP291415-15,2026-09-29T18:04:23.302Z,0.00,0.8500,0.9420,83012.74,null
KXBTC15M-26SEP291430-30,2026-09-29T18:16:32.788Z,0.00,0.5900,0.7000,83012.74,null
KXBTC15M-26SEP291430-30,2026-09-29T18:21:19.893Z,0.00,0.5100,0.6100,83012.74,null
KXBTC15M-26SEP291430-30,2026-09-29T18:27:20.515Z,0.00,0.8300,0.7400,83012.74,null
KXBTC15M-26SEP291445-45,2026-09-29T18:31:43.969Z,0.00,0.6100,0.5000,83012.74,null
KXBTC15M-26SEP291445-45,2026-09-29T18:34:54.575Z,0.00,0.7400,0.8500,83012.74,null
KXBTC15M-26SEP291445-45,2026-09-29T18:40:43.392Z,0.00,0.8900,0.9830,83012.74,null
KXBTC15M-26OCT031130-30,2026-10-03T15:20:28.032Z,0.00,0.5700,0.7100,83713.64,null
KXBTC15M-26OCT031130-30,2026-10-03T15:24:33.902Z,0.00,0.6800,0.5900,83713.64,null
KXBTC15M-26OCT031130-30,2026-10-03T15:27:50.389Z,0.00,0.8400,0.9200,83713.64,null
KXBTC15M-26OCT031145-45,2026-10-03T15:30:35.978Z,0.00,0.3800,0.2600,83713.64,null
KXBTC15M-26OCT031145-45,2026-10-03T15:38:28.449Z,0.00,0.1600,0.2500,83713.64,null
KXBTC15M-26OCT031145-45,2026-10-03T15:42:44.734Z,0.00,0.1900,0.1000,83713.64,null
KXBTC15M-26OCT031200-00,2026-10-03T15:49:23.820Z,0.00,0.4600,0.6200,83713.64,null
KXBTC15M-26OCT031200-00,2026-10-03T15:55:54.458Z,0.00,0.7300,0.8100,83713.64,null
KXBTC15M-26OCT031215-15,2026-10-03T16:01:51.959Z,0.00,0.4900,0.3100,83713.64,null
KXBTC15M-26OCT031215-15,2026-10-03T16:06:02.791Z,0.00,0.3500,0.2200,83713.64,null
KXBTC15M-26OCT031215-15,2026-10-03T16:12:51.814Z,0.00,0.1500,0.0410,83713.64,null
KXBTC15M-26OCT031230-30,2026-10-03T16:16:02.172Z,0.00,0.4300,0.3500,83713.64,null
KXBTC15M-26OCT031230-30,2026-10-03T16:20:44.446Z,0.00,0.3500,0.2300,83713.64,null
KXBTC15M-26OCT031245-45,2026-10-03T16:32:47.120Z,0.00,0.6600,0.7500,83713.64,null
KXBTC15M-26OCT031245-45,2026-10-03T16:38:05.886Z,0.00,0.7000,0.8000,83713.64,null
KXBTC15M-26OCT031300-00,2026-10-03T16:50:48.854Z,0.00,0.6700,0.8200,83713.64,null
KXBTC15M-26OCT031300-00,2026-10-03T16:57:03.167Z,0.00,0.8500,0.9380,83713.64,null
KXBTC15M-26OCT031315-15,2026-10-03T17:04:20.425Z,0.00,0.5100,0.6200,83713.64,null
KXBTC15M-26OCT031315-15,2026-10-03T17:07:27.925Z,0.00,0.5700,0.6500,83713.64,null
KXBTC15M-26OCT031315-15,2026-10-03T17:13:11.145Z,0.00,0.7900,0.9350,83713.64,null
KXBTC15M-26OCT031330-30,2026-10-03T17:17:51.861Z,0.00,0.6500,0.7500,83713.64,null
KXBTC15M-26OCT031330-30,2026-10-03T17:21:30.263Z,0.00,0.8300,0.9380,83713.64,null
KXBTC15M-26OCT031330-30,2026-10-03T17:27:13.654Z,0.00,0.9700,0.8700,83713.64,null
KXBTC15M-26OCT031345-45,2026-10-03T17:31:54.841Z,0.00,0.2100,0.1000,83713.64,null
KXBTC15M-26OCT031345-45,2026-10-03T17:35:02.193Z,0.00,0.1400,0.3400,83713.64,null
